benchmark,layout,block_kib,io_mode,sync_method,rounds,writes,sync_calls,segment_bytes,measured_bytes,elapsed_s,commits_s,mib_s,write_avg_us,sync_avg_us,commit_avg_us,commit_p50_us,commit_p99_us,commit_max_us
buffered,append,32,buffered,fsync,8,16000,16000,68812800,524288000,1.2054450879999998,13273.105643116613,414.78455134739414,28.029804125,47.240569875,75.270374,,,
buffered,append,32,buffered,fdatasync,8,16000,16000,68812800,524288000,1.218110581,13135.096476105564,410.47176487829887,28.559887375000002,47.504602,76.064489375,,,
buffered,fallocate,32,buffered,fsync,8,16000,16000,68812800,524288000,1.183351071,13520.924087624375,422.5288777382617,26.863794374999998,47.028771375,73.89256574999999,,,
buffered,fallocate,32,buffered,fdatasync,8,16000,16000,68812800,524288000,1.1611987670000001,13778.864096916492,430.58950302864037,25.841198625,46.668108375,72.509307,,,
buffered,overwrite,32,buffered,fsync,8,16000,16000,68812800,524288000,0.9152237449999999,17482.06390777154,546.3144971178606,20.0388655,37.09966624999999,57.13853174999999,,,
buffered,overwrite,32,buffered,fdatasync,8,16000,16000,68812800,524288000,0.7107768190000001,22510.58218599557,703.4556933123615,19.13600125,25.225027750000002,44.361029,,,
wal,append,32,buffered,fsync,8,16000,16000,68812800,524288000,1.2148114549999998,13170.768133726566,411.5865041789552,28.127010374999998,47.730599625,75.85760987500001,56.78,326.64,1502.28
wal,append,32,buffered,fdatasync,8,16000,16000,68812800,524288000,1.2036987019999998,13292.362925552114,415.38634142350355,27.801699499999998,47.364604875,75.16630425000001,56.39,312.17,1844.54
wal,append,32,direct,fsync,8,16000,16000,68812800,524288000,0.955218899,16750.08735353759,523.4402297980497,33.399768875,26.24099475,59.64076374999999,55.09,120.05,2103.42
wal,append,32,direct,fdatasync,8,16000,16000,68812800,524288000,0.9729156090000001,16445.414023571288,513.9191882366027,33.662273,27.08244125,60.74471425000001,55.13,125.21,3591.33
wal,fallocate,32,buffered,fsync,8,16000,16000,68812800,524288000,1.206006468,13266.927188652524,414.5914746453914,28.139730874999998,47.168849875,75.30858075,56.27,334.51,1113.03
wal,fallocate,32,buffered,fdatasync,8,16000,16000,68812800,524288000,1.1640569729999999,13745.03170473255,429.5322407728922,25.634659375,47.052929625000004,72.687588875,55.85,309.35,1762.05
wal,fallocate,32,direct,fsync,8,16000,16000,68812800,524288000,0.674630671,23716.680381998227,741.1462619374446,22.967499875,19.134785500000003,42.102285249999994,37.74,106.25,2347.66
wal,fallocate,32,direct,fdatasync,8,16000,16000,68812800,524288000,0.6782591130000001,23589.804682801216,737.181396337538,23.0615105,19.267439125000003,42.32894937499999,38.02,107.11,693.92
wal,initialized,32,buffered,fsync,8,16000,16000,68812800,524288000,1.08561652,14738.169238618439,460.5677887068262,23.697032,44.086883375,67.78391575,34.86,361.39,3984.16
wal,initialized,32,buffered,fdatasync,8,16000,16000,68812800,524288000,0.77304283,20697.430179903487,646.794693121984,22.262411125,25.994469749999997,48.256881,34.75,247.61,900.05
wal,initialized,32,direct,fsync,8,16000,16000,68812800,524288000,0.44289343600000003,36126.071644918215,1128.9397389036942,23.439413999999996,4.186158875,27.625572875,19.41,100.77,2965.71
wal,initialized,32,direct,fdatasync,8,16000,16000,68812800,524288000,0.38359515499999997,41710.64152257085,1303.457547580339,23.505020624999997,0.41391300000000003,23.918934125,19.44,95.79,147.79
buffered,append,64,buffered,fsync,8,16000,16000,137625600,1048576000,1.798251417,8897.532263142935,556.0957664464335,49.52757825,62.76717275,112.29475099999999,,,
buffered,append,64,buffered,fdatasync,8,16000,16000,137625600,1048576000,1.7792099280000002,8992.75557549609,562.0472234685056,48.38096900000001,62.7278545,111.1088235,,,
buffered,fallocate,64,buffered,fsync,8,16000,16000,137625600,1048576000,1.836958286,8710.050806238069,544.3781753898793,51.807633875,62.91156474999999,114.71919862499999,,,
buffered,fallocate,64,buffered,fdatasync,8,16000,16000,137625600,1048576000,1.7624008979999997,9078.524652453963,567.4077907783727,47.43274612500001,62.633204625000005,110.06595075000001,,,
buffered,overwrite,64,buffered,fsync,8,16000,16000,137625600,1048576000,1.5884014690000001,10073.02014777978,629.5637592362363,39.163545125000006,60.0381055,99.20165062500001,,,
buffered,overwrite,64,buffered,fdatasync,8,16000,16000,137625600,1048576000,1.174715985,13620.313509226658,851.2695943266662,34.31005975,39.041875,73.35193475,,,
wal,append,64,buffered,fsync,8,16000,16000,137625600,1048576000,1.7517964480000001,9133.481243364182,570.8425777102614,47.39724712499999,62.01941725,109.41666425000001,84.99,341.5,649.89
wal,append,64,buffered,fdatasync,8,16000,16000,137625600,1048576000,1.7982584259999999,8897.497583587021,556.0935989741888,49.12976162499999,63.18803875,112.3178,85.19,368.05,3871.24
wal,append,64,direct,fsync,8,16000,16000,137625600,1048576000,1.221505639,13098.588732753282,818.6617957970801,45.566573250000005,30.710228875000002,76.27680199999999,68.73,145.64,3048.65
wal,append,64,direct,fdatasync,8,16000,16000,137625600,1048576000,1.1953834,13384.82699358214,836.5516870988838,45.560526499999995,29.087555624999997,74.64808200000002,68.84,136.36,214.44
wal,fallocate,64,buffered,fsync,8,16000,16000,137625600,1048576000,1.769304028,9043.10381189049,565.1939882431557,48.09502725,62.413028374999996,110.50805575,85.37,356.79,837.74
wal,fallocate,64,buffered,fdatasync,8,16000,16000,137625600,1048576000,1.757791026,9102.333419240018,568.8958387025011,47.065946499999995,62.725991,109.79193799999999,84.89,359.2,2993.88
wal,fallocate,64,direct,fsync,8,16000,16000,137625600,1048576000,0.8988583830000001,17800.35687779751,1112.5223048623443,34.604583375000004,21.51028875,56.114871875,49.86,120.28,765.15
wal,fallocate,64,direct,fdatasync,8,16000,16000,137625600,1048576000,0.8960414050000001,17856.317699961644,1116.0198562476028,34.6132175,21.329851625,55.94306912500001,49.66,120.31,410.35
wal,initialized,64,buffered,fsync,8,16000,16000,137625600,1048576000,1.5788810320000002,10133.759083629297,633.359942726831,44.0793195,54.529711875000004,98.60903137499999,63.8,381.35,3302.99
wal,initialized,64,buffered,fdatasync,8,16000,16000,137625600,1048576000,1.321696574,12105.65292726559,756.6033079540994,44.03129325,38.512652499999994,82.54394575,64.07,277.1,863.82
wal,initialized,64,direct,fsync,8,16000,16000,137625600,1048576000,0.6339530050000001,25238.463851117795,1577.4039906948622,35.071834124999995,4.494105625,39.5659395,30.7,105.32,3642.51
wal,initialized,64,direct,fdatasync,8,16000,16000,137625600,1048576000,0.567033727,28217.016445654917,1763.5635278534323,34.936809374999996,0.43922362499999995,35.376033125,30.73,97.32,1120.16
buffered,append,128,buffered,fsync,8,16000,16000,275251200,2097152000,2.9574123020000003,5410.135066111589,676.2668832639487,90.97857625,93.75045250000001,184.72902875,,,
buffered,append,128,buffered,fdatasync,8,16000,16000,275251200,2097152000,2.933217271,5454.761281473444,681.8451601841805,90.0021305,93.216377875,183.218508375,,,
buffered,fallocate,128,buffered,fsync,8,16000,16000,275251200,2097152000,3.002607228,5328.702286065369,666.0877857581711,91.75903025,95.79491675,187.553947,,,
buffered,fallocate,128,buffered,fdatasync,8,16000,16000,275251200,2097152000,2.8951979110000003,5526.39249262017,690.7990615775212,86.26835325,94.575847625,180.844200875,,,
buffered,overwrite,128,buffered,fsync,8,16000,16000,275251200,2097152000,2.5567979459999997,6257.827305059953,782.2284131324941,69.528710875,90.18759475,159.71630562500002,,,
buffered,overwrite,128,buffered,fdatasync,8,16000,16000,275251200,2097152000,2.09283235,7645.141762071864,955.642720258983,67.26110737500001,63.463832624999995,130.72494,,,
wal,append,128,buffered,fsync,8,16000,16000,275251200,2097152000,2.832051324,5649.615126819644,706.2018908524554,84.68398049999999,92.240532875,176.924513,139.24,427.11,1605.68
wal,append,128,buffered,fdatasync,8,16000,16000,275251200,2097152000,2.827766182,5658.1764439532435,707.2720554941554,84.401162625,92.258044125,176.6592065,139.4,419.0,3293.08
wal,append,128,direct,fsync,8,16000,16000,275251200,2097152000,1.569751954,10192.693157176347,1274.0866446470434,66.33174875,31.715187875,98.04693637500002,90.64,161.03,2759.52
wal,append,128,direct,fdatasync,8,16000,16000,275251200,2097152000,1.5761469909999999,10151.33746494587,1268.9171831182337,66.40954,32.03523325,98.44477312500001,90.61,163.11,3290.59
wal,fallocate,128,buffered,fsync,8,16000,16000,275251200,2097152000,2.862692977,5589.142855538574,698.6428569423217,86.19203287500001,92.64627587499999,178.83830875,139.09,426.81,3100.97
wal,fallocate,128,buffered,fdatasync,8,16000,16000,275251200,2097152000,2.9207574440000004,5478.031061041438,684.7538826301798,89.04605325,93.41290112499999,182.458954125,142.43,431.47,5205.69
wal,fallocate,128,direct,fsync,8,16000,16000,275251200,2097152000,1.2694978609999998,12603.408395975235,1575.4260494969044,55.6752745,23.606589374999995,79.28186425000001,71.92,141.53,218.97
wal,fallocate,128,direct,fdatasync,8,16000,16000,275251200,2097152000,1.279433093,12505.538654220194,1563.1923317775243,56.02136012500001,23.881071874999996,79.90243149999999,72.23,145.13,734.32
wal,initialized,128,buffered,fsync,8,16000,16000,275251200,2097152000,2.979754464,5369.569940511716,671.1962425639645,83.97046625,102.19378,186.16424625000002,115.64,2516.67,4614.09
wal,initialized,128,buffered,fdatasync,8,16000,16000,275251200,2097152000,2.420375154,6610.545465878634,826.3181832348292,86.9220415,64.2789525,151.20099387500002,115.03,419.66,1020.75
wal,initialized,128,direct,fsync,8,16000,16000,275251200,2097152000,1.074858329,14885.682669348325,1860.7103336685407,59.2905515,7.830065,67.1206165,52.59,154.16,3274.58
wal,initialized,128,direct,fdatasync,8,16000,16000,275251200,2097152000,0.9599095389999999,16668.237318141706,2083.5296647677133,59.48989725,0.44773199999999996,59.93762962499999,52.41,138.28,1210.82
buffered,append,256,buffered,fsync,8,16000,16000,550502400,4194304000,5.108174335,3132.2345226888187,783.0586306722047,168.40258749999995,150.739313125,319.14190062499995,,,
buffered,append,256,buffered,fdatasync,8,16000,16000,550502400,4194304000,5.1254972610000005,3121.648336785639,780.4120841964098,167.39968474999998,152.825115625,320.224800375,,,
buffered,fallocate,256,buffered,fsync,8,16000,16000,550502400,4194304000,4.941563051,3237.8419206372682,809.4604801593171,159.26678525,149.46487375,308.73165900000004,,,
buffered,fallocate,256,buffered,fdatasync,8,16000,16000,550502400,4194304000,5.017708451,3188.706589122629,797.1766472806572,162.79970637500003,150.691445875,313.49115225,,,
buffered,overwrite,256,buffered,fsync,8,16000,16000,550502400,4194304000,5.00172146,3198.8986447877887,799.7246611969472,140.7421175,171.75317074999998,312.49528825,,,
buffered,overwrite,256,buffered,fdatasync,8,16000,16000,550502400,4194304000,3.976859754,4023.274892685592,1005.818723171398,132.441694375,116.0148685,248.456562875,,,
wal,append,256,buffered,fsync,8,16000,16000,550502400,4194304000,5.038169624999999,3175.7565129617888,793.9391282404472,164.17935799999998,150.60051575,314.77987375000004,281.98,573.31,10355.1
wal,append,256,buffered,fdatasync,8,16000,16000,550502400,4194304000,4.986849750999999,3208.4383526476936,802.1095881619234,161.69104449999998,149.88429075000002,311.57533550000005,276.32,563.91,3904.77
wal,append,256,direct,fsync,8,16000,16000,550502400,4194304000,2.385237624,6707.927058926854,1676.9817647317136,112.21833525000001,36.78349025,149.00182525000002,137.1,269.73,3360.48
wal,append,256,direct,fdatasync,8,16000,16000,550502400,4194304000,2.4822851850000003,6445.6735659081805,1611.4183914770451,116.94873950000002,38.11394262499999,155.06268225,138.75,286.99,2490.22
wal,fallocate,256,buffered,fsync,8,16000,16000,550502400,4194304000,5.0760284339999995,3152.070601659676,788.017650414919,165.57399524999997,151.56997112500002,317.14396637499993,282.4,609.14,3738.27
wal,fallocate,256,buffered,fdatasync,8,16000,16000,550502400,4194304000,5.044671978999999,3171.663106462606,792.9157766156515,162.2120695,152.9738805,315.18594987500006,282.25,574.55,3561.23
wal,fallocate,256,direct,fsync,8,16000,16000,550502400,4194304000,2.113764345,7569.434141439263,1892.3585353598157,103.530738125,28.508157124999997,132.03889512499998,117.69,269.26,3003.04
wal,fallocate,256,direct,fdatasync,8,16000,16000,550502400,4194304000,2.057345072,7777.013306010923,1944.2533265027307,101.39993862499999,27.114133125,128.51407187499998,115.68,256.02,1168.14
wal,initialized,256,buffered,fsync,8,16000,16000,550502400,4194304000,5.551062535000001,2882.3310670918245,720.5827667729561,167.81423150000003,179.02143562499998,346.835667,266.95,2763.4,4662.73
wal,initialized,256,buffered,fdatasync,8,16000,16000,550502400,4194304000,4.417953506,3621.5863245890846,905.3965811472711,159.32256912499997,116.69418462499999,276.01675374999996,224.16,522.92,3274.24
wal,initialized,256,direct,fsync,8,16000,16000,550502400,4194304000,2.296856425,6966.042729466644,1741.510682366661,114.18783675,29.294969875,143.482806625,97.96,1323.03,3690.1
wal,initialized,256,direct,fdatasync,8,16000,16000,550502400,4194304000,1.859981568,8602.235783016104,2150.558945754026,115.71082162500001,0.47505875,116.18588075,96.71,302.02,1648.02
buffered,append,512,buffered,fsync,8,16000,16000,1101004800,8388608000,11.095558778,1442.0184075564005,721.0092037782002,335.25696224999996,358.05656975000005,693.313532,,,
buffered,append,512,buffered,fdatasync,8,16000,16000,1101004800,8388608000,11.215889644999999,1426.5475594379388,713.2737797189694,329.985061125,370.85509075,700.840151875,,,
buffered,fallocate,512,buffered,fsync,8,16000,16000,1101004800,8388608000,9.111786301999999,1755.9674326962725,877.9837163481362,304.940229875,264.39070799999996,569.330937875,,,
buffered,fallocate,512,buffered,fdatasync,8,16000,16000,1101004800,8388608000,9.263205006,1727.263942624223,863.6319713121115,312.554425125,266.23556199999996,578.7899871249999,,,
buffered,overwrite,512,buffered,fsync,8,16000,16000,1101004800,8388608000,9.543025471,1676.6171324410584,838.3085662205292,270.909162375,325.3868074999999,596.2959698749999,,,
buffered,overwrite,512,buffered,fdatasync,8,16000,16000,1101004800,8388608000,7.552411095000001,2118.5287451569793,1059.2643725784897,247.42019699999997,224.47619962500002,471.89639662499997,,,
wal,append,512,buffered,fsync,8,16000,16000,1101004800,8388608000,10.12197007,1580.7199477324675,790.3599738662338,316.62624387500006,315.856280625,632.482524,581.26,2851.05,6678.9
wal,append,512,buffered,fdatasync,8,16000,16000,1101004800,8388608000,9.836201767,1626.644143644883,813.3220718224414,318.93342562500004,295.68723374999996,614.620659125,574.89,2733.76,6126.36
wal,append,512,direct,fsync,8,16000,16000,1101004800,8388608000,3.9578371730000006,4042.6119874638907,2021.3059937319454,207.09994337499998,40.180300624999994,247.28024412500002,221.84,483.71,3178.36
wal,append,512,direct,fdatasync,8,16000,16000,1101004800,8388608000,3.9710043329999998,4029.207388930845,2014.6036944654224,206.42541599999998,41.67696350000001,248.10237949999998,224.84,464.33,2988.7
wal,fallocate,512,buffered,fsync,8,16000,16000,1101004800,8388608000,11.275223279,1419.0406348581896,709.5203174290948,326.10315925000003,378.45898987500004,704.562148875,592.9,3175.73,6197.13
wal,fallocate,512,buffered,fdatasync,8,16000,16000,1101004800,8388608000,11.110926699,1440.0239002062738,720.0119501031369,331.03837024999996,363.24803049999997,694.28640075,592.15,3018.78,5809.73
wal,fallocate,512,direct,fsync,8,16000,16000,1101004800,8388608000,3.773267378,4240.356804102421,2120.1784020512105,203.980148375,31.769695000000002,235.74984312499998,202.23,568.04,3539.72
wal,fallocate,512,direct,fdatasync,8,16000,16000,1101004800,8388608000,3.723073808,4297.524256870709,2148.7621284353545,201.7411225,30.8645265,232.60564875,204.46,522.05,1405.79
wal,initialized,512,buffered,fsync,8,16000,16000,1101004800,8388608000,10.526764329,1519.9352336521754,759.9676168260877,321.88512,335.88762375000005,657.7727437499999,563.88,3038.62,4854.1
wal,initialized,512,buffered,fdatasync,8,16000,16000,1101004800,8388608000,8.464309755,1890.2899897476636,945.1449948738318,304.830641625,224.053426,528.8840675,526.59,870.66,2637.8
wal,initialized,512,direct,fsync,8,16000,16000,1101004800,8388608000,4.254619167,3760.618605796827,1880.3093028984135,214.12139100000002,51.711487874999996,265.83287874999996,183.37,2547.27,4135.33
wal,initialized,512,direct,fdatasync,8,16000,16000,1101004800,8388608000,3.5509622379999994,4505.820937428962,2252.910468714481,221.33899075,0.5198983749999999,221.85888950000003,181.44,531.54,3622.64
buffered,append,1024,buffered,fsync,8,16000,16000,2202009600,16777216000,19.095354168999997,837.9001435843965,837.9001435843965,614.809370875,578.4490165,1193.258387375,,,
buffered,append,1024,buffered,fdatasync,8,16000,16000,2202009600,16777216000,18.997228966,842.2280969838156,842.2280969838156,619.9105676249999,567.206664,1187.117231625,,,
buffered,fallocate,1024,buffered,fsync,8,16000,16000,2202009600,16777216000,19.168189297999998,834.7162974684016,834.7162974684016,615.634875125,582.164785875,1197.799661,,,
buffered,fallocate,1024,buffered,fdatasync,8,16000,16000,2202009600,16777216000,19.295709245,829.1998908589483,829.1998908589483,607.4736045,598.3068625,1205.780467,,,
buffered,overwrite,1024,buffered,fsync,8,16000,16000,2202009600,16777216000,16.673957574,959.5802273690012,959.5802273690012,485.3921710000001,556.5529065,1041.9450775,,,
buffered,overwrite,1024,buffered,fdatasync,8,16000,16000,2202009600,16777216000,14.808672894999997,1080.4479316578222,1080.4479316578222,485.94688637499996,439.4243245,925.371210875,,,
wal,append,1024,buffered,fsync,8,16000,16000,2202009600,16777216000,19.08654954,838.2866670829388,838.2866670829388,606.4100725,586.33505375,1192.7451261249998,1076.46,3131.7,7692.4
wal,append,1024,buffered,fdatasync,8,16000,16000,2202009600,16777216000,18.929002812,845.2637552495282,845.2637552495282,608.42185,574.4727855,1182.894635625,1074.4,3162.61,7588.6
wal,append,1024,direct,fsync,8,16000,16000,2202009600,16777216000,7.3635448640000005,2172.866505943787,2172.866505943787,418.7791040000001,41.332539,460.11164312499994,404.81,1010.21,1852.46
wal,append,1024,direct,fdatasync,8,16000,16000,2202009600,16777216000,7.26534687,2202.234839752393,2202.234839752393,412.36919374999997,41.597505,453.96669875,402.53,966.82,2346.33
wal,fallocate,1024,buffered,fsync,8,16000,16000,2202009600,16777216000,19.362613017,826.3347506843373,826.3347506843373,620.306637125,589.7000901250001,1210.0067275000001,1091.16,3185.37,6179.45
wal,fallocate,1024,buffered,fdatasync,8,16000,16000,2202009600,16777216000,17.335686219,922.9516384799305,922.9516384799305,596.00015525,487.33300649999995,1083.3331617500003,1057.98,1777.55,4381.23
wal,fallocate,1024,direct,fsync,8,16000,16000,2202009600,16777216000,7.245923181,2208.1382317100224,2208.1382317100224,420.31637712500003,32.45267325,452.769049875,388.71,1032.08,3096.69
wal,fallocate,1024,direct,fdatasync,8,16000,16000,2202009600,16777216000,7.207320776,2219.9650185238265,2219.9650185238265,417.04696712500004,33.299552125000005,450.34651925,390.32,1025.91,1796.24
wal,initialized,1024,buffered,fsync,8,16000,16000,2202009600,16777216000,18.456829136,866.887799746276,866.887799746276,601.083375375,552.322474375,1153.40584975,1054.45,3077.03,5967.11
wal,initialized,1024,buffered,fdatasync,8,16000,16000,2202009600,16777216000,16.445095894,972.9344300046073,972.9344300046073,591.0096278750001,436.66618575,1027.67581325,1013.11,1546.64,5069.93
wal,initialized,1024,direct,fsync,8,16000,16000,2202009600,16777216000,8.369947147,1911.6010793132432,1911.6010793132432,418.11998825,104.89589112499999,523.015879625,390.12,2950.89,4919.19
wal,initialized,1024,direct,fdatasync,8,16000,16000,2202009600,16777216000,6.886945752999999,2323.2359559432125,2323.2359559432125,429.73854974999995,0.6022052500000001,430.3407547500001,353.15,992.51,3047.04
