round,layout,block_bytes,io_mode,sync_method,alignment_bytes,segment_bytes,warmup,writes,sync_calls,measured_bytes,elapsed_s,mib_s,commits_s,write_avg_us,write_p50_us,write_p95_us,write_p99_us,sync_avg_us,sync_p50_us,sync_p95_us,sync_p99_us,commit_avg_us,commit_p50_us,commit_p95_us,commit_p99_us,commit_max_us
1,append,131072,buffered,fsync,4096,275251200,100,2000,2000,262144000,0.349449155,715.411660,5723.293279,82.441396,52.435000,213.312000,274.075000,92.188250,85.700000,134.556000,151.668000,174.629646,142.442000,311.708000,382.529000,470.706000
1,append,131072,buffered,fdatasync,4096,275251200,100,2000,2000,262144000,0.344775735,725.109034,5800.872268,80.503349,51.534000,232.485000,310.120000,91.797867,85.560000,132.663000,148.954000,172.301215,138.015000,330.705000,413.038000,550.141000
1,append,131072,direct,fsync,4096,275251200,100,2000,2000,262144000,0.195443721,1279.140607,10233.124860,66.388754,64.511000,74.946000,108.878000,31.271978,25.567000,73.738000,89.469000,97.660732,90.649000,140.473000,158.633000,234.662000
1,append,131072,direct,fdatasync,4096,275251200,100,2000,2000,262144000,0.196157697,1274.484784,10195.878268,66.262763,64.425000,75.047000,99.771000,31.752341,25.689000,75.233000,92.533000,98.015104,90.606000,141.683000,159.091000,218.691000
1,fallocate,131072,buffered,fsync,4096,275251200,100,2000,2000,262144000,0.348560714,717.235162,5737.881292,81.947966,51.437000,229.563000,325.905000,92.252144,85.584000,134.376000,148.374000,174.200110,138.248000,337.446000,431.945000,987.646000
1,fallocate,131072,buffered,fdatasync,4096,275251200,100,2000,2000,262144000,0.365688248,683.642423,5469.139386,89.908355,53.434000,230.969000,315.430000,92.841239,86.190000,132.628000,150.562000,182.749594,151.681000,331.366000,413.308000,634.515000
1,fallocate,131072,direct,fsync,4096,275251200,100,2000,2000,262144000,0.161304263,1549.866044,12398.928353,56.299337,54.166000,66.182000,81.836000,24.284713,17.855000,66.391000,88.137000,80.584050,72.439000,124.724000,144.999000,218.968000
1,fallocate,131072,direct,fdatasync,4096,275251200,100,2000,2000,262144000,0.158736767,1574.934432,12599.475457,55.141779,54.140000,60.681000,69.859000,24.167589,17.762000,70.896000,86.046000,79.309367,72.288000,125.249000,143.030000,174.953000
1,initialized,131072,buffered,fsync,4096,275251200,100,2000,2000,262144000,0.340663835,733.861286,5870.890287,79.773706,50.666000,229.520000,324.494000,90.480888,62.905000,88.569000,1047.898000,170.254594,113.853000,308.870000,1093.965000,3032.552000
1,initialized,131072,buffered,fdatasync,4096,275251200,100,2000,2000,262144000,0.294482732,848.946213,6791.569701,83.117028,50.542000,250.085000,430.865000,64.056845,62.628000,69.981000,79.335000,147.173874,113.066000,317.722000,501.063000,992.745000
1,initialized,131072,direct,fsync,4096,275251200,100,2000,2000,262144000,0.131603222,1899.649539,15197.196312,60.821547,52.140000,92.199000,154.450000,4.923751,0.395000,18.108000,25.505000,65.745298,52.548000,98.699000,159.608000,3082.976000
1,initialized,131072,direct,fdatasync,4096,275251200,100,2000,2000,262144000,0.118945938,2101.795187,16814.361496,58.974670,51.895000,95.378000,117.570000,0.441274,0.408000,0.611000,0.833000,59.415944,52.314000,95.804000,117.952000,913.377000
2,append,131072,buffered,fdatasync,4096,275251200,100,2000,2000,262144000,0.358453814,697.439922,5579.519374,86.527767,51.914000,258.272000,339.978000,92.624086,85.713000,133.735000,153.812000,179.151853,138.570000,359.005000,442.239000,701.767000
2,append,131072,direct,fsync,4096,275251200,100,2000,2000,262144000,0.197713489,1264.455962,10115.647699,66.593369,64.607000,76.411000,108.740000,32.200524,26.244000,73.147000,91.138000,98.793892,91.544000,142.921000,159.018000,261.855000
2,append,131072,direct,fdatasync,4096,275251200,100,2000,2000,262144000,0.192329327,1299.853766,10398.830127,65.962253,64.537000,71.759000,106.233000,30.137363,24.822000,68.165000,89.038000,96.099616,89.887000,136.661000,156.799000,180.009000
2,append,131072,buffered,fsync,4096,275251200,100,2000,2000,262144000,0.353334581,707.544671,5660.357371,84.354269,51.687000,260.506000,342.776000,92.239630,85.554000,132.539000,151.022000,176.593898,138.092000,362.005000,450.756000,735.268000
2,fallocate,131072,buffered,fdatasync,4096,275251200,100,2000,2000,262144000,0.363907041,686.988631,5495.909050,89.706580,51.844000,268.672000,382.246000,92.110229,85.184000,132.783000,150.146000,181.816808,137.761000,368.235000,485.147000,850.981000
2,fallocate,131072,direct,fsync,4096,275251200,100,2000,2000,262144000,0.157770098,1584.584171,12676.673371,55.509806,53.550000,66.386000,85.506000,23.298469,17.221000,64.940000,83.965000,78.808275,71.213000,120.453000,147.198000,196.633000
2,fallocate,131072,direct,fdatasync,4096,275251200,100,2000,2000,262144000,0.156847541,1593.904491,12751.235928,55.352400,53.702000,65.806000,82.000000,23.011636,17.340000,64.397000,81.485000,78.364035,71.290000,122.142000,138.104000,177.251000
2,fallocate,131072,buffered,fsync,4096,275251200,100,2000,2000,262144000,0.356077424,702.094497,5616.755978,85.562688,52.228000,233.323000,324.516000,92.393357,85.724000,133.342000,147.326000,177.956046,138.872000,339.952000,428.185000,605.867000
2,initialized,131072,buffered,fdatasync,4096,275251200,100,2000,2000,262144000,0.317986457,786.197005,6289.576037,94.633379,55.079000,244.682000,365.412000,64.283131,62.870000,71.654000,83.612000,158.916509,120.107000,313.784000,441.467000,919.054000
2,initialized,131072,direct,fsync,4096,275251200,100,2000,2000,262144000,0.142005200,1760.498911,14083.991290,56.881349,52.425000,78.004000,100.109000,14.053656,0.412000,19.090000,68.456000,70.935005,52.872000,88.230000,150.090000,2777.404000
2,initialized,131072,direct,fdatasync,4096,275251200,100,2000,2000,262144000,0.125079803,1998.723967,15989.791733,62.026387,51.876000,106.248000,183.064000,0.457498,0.427000,0.575000,0.849000,62.483886,52.340000,106.694000,183.551000,795.701000
2,initialized,131072,buffered,fsync,4096,275251200,100,2000,2000,262144000,0.379017862,659.599520,5276.796163,86.204844,51.759000,239.825000,354.581000,103.233835,63.172000,97.102000,2211.743000,189.438679,115.696000,328.391000,2311.353000,4614.086000
3,append,131072,direct,fsync,4096,275251200,100,2000,2000,262144000,0.193970337,1288.856863,10310.854901,65.875650,64.331000,73.846000,96.878000,31.045689,24.718000,73.250000,92.089000,96.921338,89.778000,139.327000,158.611000,195.134000
3,append,131072,direct,fdatasync,4096,275251200,100,2000,2000,262144000,0.198564749,1259.035157,10072.281259,67.136301,64.840000,78.538000,104.932000,32.078932,26.119000,72.956000,93.209000,99.215232,91.797000,140.895000,160.584000,191.618000
3,append,131072,buffered,fsync,4096,275251200,100,2000,2000,262144000,0.365530975,683.936567,5471.492532,89.088977,53.067000,257.348000,334.583000,93.595086,86.348000,135.028000,153.008000,182.684062,141.616000,357.668000,445.578000,1042.820000
3,append,131072,buffered,fdatasync,4096,275251200,100,2000,2000,262144000,0.364743829,685.412556,5483.300445,90.097308,54.715000,220.254000,304.364000,92.197193,86.001000,132.830000,151.675000,182.294500,164.835000,317.790000,405.061000,554.563000
3,fallocate,131072,direct,fsync,4096,275251200,100,2000,2000,262144000,0.159581424,1566.598378,12532.787024,55.866338,54.233000,66.675000,82.996000,23.861704,17.722000,66.469000,87.325000,79.728043,72.336000,124.261000,141.989000,175.789000
3,fallocate,131072,direct,fdatasync,4096,275251200,100,2000,2000,262144000,0.158049621,1581.781711,12654.253692,55.858931,54.197000,64.903000,88.873000,23.105588,17.719000,63.076000,81.595000,78.964520,72.162000,124.025000,139.341000,210.246000
3,fallocate,131072,buffered,fsync,4096,275251200,100,2000,2000,262144000,0.353503011,707.207555,5657.660438,84.495202,51.783000,237.630000,304.449000,92.181420,85.460000,133.140000,150.357000,176.676622,138.447000,337.340000,400.562000,785.371000
3,fallocate,131072,buffered,fdatasync,4096,275251200,100,2000,2000,262144000,0.405695092,616.226336,4929.810686,100.614366,66.179000,253.001000,349.127000,102.136033,87.949000,136.125000,155.059000,202.750399,171.001000,357.072000,504.099000,5205.693000
3,initialized,131072,direct,fsync,4096,275251200,100,2000,2000,262144000,0.121887792,2051.066771,16408.534171,57.817233,52.157000,88.377000,114.562000,3.068826,0.410000,18.150000,37.890000,60.886060,52.587000,93.968000,130.276000,1942.762000
3,initialized,131072,direct,fdatasync,4096,275251200,100,2000,2000,262144000,0.116865442,2139.212377,17113.699018,57.920349,52.084000,84.100000,118.099000,0.454318,0.416000,0.631000,0.863000,58.374666,52.527000,84.518000,118.499000,340.893000
3,initialized,131072,buffered,fsync,4096,275251200,100,2000,2000,262144000,0.422090355,592.290246,4738.321964,90.491714,53.586000,226.630000,397.293000,120.480264,63.429000,97.978000,2559.716000,210.971979,126.697000,328.237000,2822.961000,3250.648000
3,initialized,131072,buffered,fdatasync,4096,275251200,100,2000,2000,262144000,0.321565031,777.447719,6219.581755,96.095281,52.578000,279.580000,501.102000,64.609629,62.902000,73.280000,83.936000,160.704910,115.632000,347.547000,579.047000,1020.750000
4,append,131072,direct,fdatasync,4096,275251200,100,2000,2000,262144000,0.199190493,1255.079980,10040.639841,65.887042,64.193000,73.526000,95.971000,33.643017,24.411000,75.877000,119.193000,99.530058,89.396000,142.230000,189.895000,1126.933000
4,append,131072,buffered,fsync,4096,275251200,100,2000,2000,262144000,0.352316759,709.588726,5676.709804,85.108649,52.404000,244.076000,316.581000,90.974785,84.793000,131.899000,146.459000,176.083434,137.727000,338.849000,415.672000,522.632000
4,append,131072,buffered,fdatasync,4096,275251200,100,2000,2000,262144000,0.354515737,705.187313,5641.498504,85.791735,52.361000,244.552000,324.638000,91.393736,84.742000,132.844000,149.317000,177.185471,138.144000,344.136000,428.696000,730.209000
4,append,131072,direct,fsync,4096,275251200,100,2000,2000,262144000,0.193034978,1295.102072,10360.816577,65.729780,64.158000,74.528000,96.379000,30.727582,25.394000,71.647000,86.773000,96.457362,90.107000,138.613000,154.891000,190.538000
4,fallocate,131072,direct,fdatasync,4096,275251200,100,2000,2000,262144000,0.155803145,1604.588919,12836.711351,55.695866,53.665000,65.690000,90.943000,22.146085,17.072000,61.322000,81.975000,77.841950,71.115000,120.724000,148.173000,228.595000
4,fallocate,131072,buffered,fsync,4096,275251200,100,2000,2000,262144000,0.380615607,656.830659,5254.645273,96.754051,54.681000,249.315000,337.788000,93.450806,86.698000,133.604000,147.422000,190.204857,164.000000,352.413000,435.675000,1774.970000
4,fallocate,131072,buffered,fdatasync,4096,275251200,100,2000,2000,262144000,0.352710037,708.797521,5670.380171,84.255243,51.426000,257.717000,338.742000,92.027118,85.449000,131.619000,152.722000,176.282361,137.920000,355.342000,446.814000,531.011000
4,fallocate,131072,direct,fsync,4096,275251200,100,2000,2000,262144000,0.158654644,1575.749652,12605.997212,55.722380,54.192000,63.613000,87.240000,23.547561,17.631000,66.110000,82.908000,79.269941,72.180000,121.719000,140.220000,160.754000
4,initialized,131072,direct,fdatasync,4096,275251200,100,2000,2000,262144000,0.123622308,2022.288728,16178.309824,61.302529,52.019000,98.187000,155.903000,0.450286,0.412000,0.672000,0.928000,61.752816,52.444000,98.595000,156.367000,664.146000
4,initialized,131072,buffered,fsync,4096,275251200,100,2000,2000,262144000,0.362538750,689.581459,5516.651668,87.363584,53.613000,213.398000,355.305000,93.834457,63.534000,93.761000,1332.146000,181.198041,128.525000,305.715000,1389.795000,3033.133000
4,initialized,131072,buffered,fdatasync,4096,275251200,100,2000,2000,262144000,0.282909374,883.675208,7069.401666,77.499033,51.056000,209.460000,273.964000,63.887954,62.852000,69.054000,73.528000,141.386987,113.895000,276.630000,343.912000,455.547000
4,initialized,131072,direct,fsync,4096,275251200,100,2000,2000,262144000,0.135885415,1839.785381,14718.283048,58.827018,52.051000,84.162000,111.425000,9.058803,0.404000,18.072000,48.080000,67.885821,52.486000,89.905000,125.490000,3274.580000
5,append,131072,buffered,fsync,4096,275251200,100,2000,2000,262144000,0.360355291,693.759759,5550.078076,87.275121,52.751000,241.564000,330.342000,92.821779,85.910000,131.930000,147.660000,180.096900,144.641000,342.369000,435.416000,738.664000
5,append,131072,buffered,fdatasync,4096,275251200,100,2000,2000,262144000,0.346968577,720.526343,5764.210746,81.632754,51.652000,232.455000,307.471000,91.779901,84.848000,133.258000,151.211000,173.412655,137.328000,334.728000,419.193000,932.886000
5,append,131072,direct,fsync,4096,275251200,100,2000,2000,262144000,0.197895829,1263.290900,10106.327203,66.555951,64.430000,75.753000,105.194000,32.328852,26.209000,74.860000,88.991000,98.884803,91.408000,140.369000,163.039000,632.636000
5,append,131072,direct,fdatasync,4096,275251200,100,2000,2000,262144000,0.201902434,1238.221824,9905.774588,66.712210,64.600000,77.882000,100.931000,34.175407,26.390000,74.990000,92.095000,100.887617,91.835000,142.174000,168.434000,3290.589000
5,fallocate,131072,buffered,fsync,4096,275251200,100,2000,2000,262144000,0.354787676,704.646798,5637.174387,84.324109,51.745000,229.038000,309.016000,92.995885,85.388000,132.145000,149.361000,177.319994,138.129000,329.978000,414.804000,3100.966000
5,fallocate,131072,buffered,fdatasync,4096,275251200,100,2000,2000,262144000,0.349737138,714.822571,5718.580564,82.869762,51.973000,224.997000,297.282000,91.924077,85.631000,133.394000,152.232000,174.793838,139.527000,324.886000,399.722000,533.354000
5,fallocate,131072,direct,fsync,4096,275251200,100,2000,2000,262144000,0.157432869,1587.978429,12703.827433,55.424733,53.930000,66.656000,82.854000,23.235263,17.514000,64.037000,80.705000,78.659996,71.739000,122.072000,136.035000,165.137000
5,fallocate,131072,direct,fdatasync,4096,275251200,100,2000,2000,262144000,0.164252431,1522.047488,12176.379904,56.731457,54.389000,67.565000,100.117000,25.329185,17.880000,71.557000,89.101000,82.060642,72.626000,129.061000,168.991000,616.239000
5,initialized,131072,buffered,fsync,4096,275251200,100,2000,2000,262144000,0.339111243,737.221207,5897.769659,78.849321,50.742000,206.265000,291.715000,90.640575,62.859000,85.875000,183.316000,169.489895,114.156000,286.239000,618.117000,4111.373000
5,initialized,131072,buffered,fdatasync,4096,275251200,100,2000,2000,262144000,0.285089047,876.918993,7015.351944,78.872152,50.816000,218.423000,275.666000,63.607530,62.684000,67.977000,73.039000,142.479681,113.336000,284.512000,342.965000,434.183000
5,initialized,131072,direct,fsync,4096,275251200,100,2000,2000,262144000,0.122105044,2047.417468,16379.339743,57.791410,52.008000,87.675000,125.394000,3.204969,0.404000,17.954000,28.798000,60.996378,52.430000,91.888000,133.619000,1495.979000
5,initialized,131072,direct,fdatasync,4096,275251200,100,2000,2000,262144000,0.117355308,2130.282850,17042.262801,58.173909,52.053000,86.831000,113.463000,0.446347,0.421000,0.552000,0.787000,58.620256,52.488000,87.257000,113.932000,192.091000
6,append,131072,buffered,fdatasync,4096,275251200,100,2000,2000,262144000,0.346278318,721.962615,5775.700920,80.451132,51.795000,224.649000,286.931000,92.616279,84.811000,131.276000,151.405000,173.067411,138.196000,322.230000,387.964000,3293.080000
6,append,131072,direct,fsync,4096,275251200,100,2000,2000,262144000,0.198946171,1256.621320,10052.970560,66.819172,64.721000,78.559000,104.692000,32.589514,25.045000,74.912000,93.691000,99.408686,90.452000,141.970000,164.174000,2759.523000
6,append,131072,direct,fdatasync,4096,275251200,100,2000,2000,262144000,0.195839676,1276.554400,10212.435196,66.886315,64.857000,76.403000,110.214000,30.970935,24.980000,74.863000,94.870000,97.857251,90.557000,141.556000,167.680000,270.549000
6,append,131072,buffered,fsync,4096,275251200,100,2000,2000,262144000,0.362401459,689.842697,5518.741579,88.737384,52.527000,244.122000,326.359000,92.384323,85.885000,133.381000,151.890000,181.121706,141.252000,342.138000,434.544000,885.721000
6,fallocate,131072,buffered,fdatasync,4096,275251200,100,2000,2000,262144000,0.361103222,692.322817,5538.582539,88.406391,52.915000,231.199000,314.720000,92.067313,85.988000,133.152000,149.229000,180.473704,144.060000,331.780000,415.386000,530.535000
6,fallocate,131072,direct,fsync,4096,275251200,100,2000,2000,262144000,0.158756127,1574.742372,12597.938976,55.578385,54.086000,64.436000,80.262000,23.742789,17.603000,67.227000,85.896000,79.321175,71.996000,123.092000,141.621000,182.056000
6,fallocate,131072,direct,fdatasync,4096,275251200,100,2000,2000,262144000,0.161961385,1543.577810,12348.622482,56.400085,54.338000,65.968000,87.514000,24.516399,17.946000,69.226000,81.912000,80.916484,72.852000,124.337000,137.952000,734.317000
6,fallocate,131072,buffered,fsync,4096,275251200,100,2000,2000,262144000,0.362094119,690.428225,5523.425803,88.919501,51.975000,240.215000,314.115000,92.052674,85.629000,131.967000,151.350000,180.972174,139.704000,341.368000,417.122000,818.366000
6,initialized,131072,buffered,fdatasync,4096,275251200,100,2000,2000,262144000,0.330822464,755.692334,6045.538673,99.265789,53.166000,268.958000,415.306000,66.061107,63.469000,77.446000,97.336000,165.326895,116.916000,339.545000,491.732000,732.436000
6,initialized,131072,direct,fsync,4096,275251200,100,2000,2000,262144000,0.145187402,1721.912484,13775.299871,59.781529,52.289000,92.100000,119.172000,12.754131,0.412000,19.018000,66.435000,72.535660,52.727000,100.862000,164.966000,2658.350000
6,initialized,131072,direct,fdatasync,4096,275251200,100,2000,2000,262144000,0.122563157,2039.764690,16318.117524,60.768114,51.987000,91.473000,158.917000,0.454841,0.421000,0.615000,0.934000,61.222956,52.422000,91.869000,159.343000,1210.824000
6,initialized,131072,buffered,fsync,4096,275251200,100,2000,2000,262144000,0.388946907,642.761250,5142.089997,86.574739,51.317000,247.818000,394.168000,107.828005,62.962000,95.068000,2339.409000,194.402744,115.030000,337.385000,2601.667000,3162.470000
7,append,131072,direct,fsync,4096,275251200,100,2000,2000,262144000,0.198779558,1257.674594,10061.396756,66.470142,64.649000,76.363000,96.709000,32.856126,25.184000,76.803000,101.381000,99.326268,90.796000,143.550000,166.508000,518.254000
7,append,131072,direct,fdatasync,4096,275251200,100,2000,2000,262144000,0.193725078,1290.488576,10323.908606,66.195798,64.381000,76.095000,104.968000,30.603906,24.667000,72.024000,90.353000,96.799704,89.649000,139.709000,157.226000,221.177000
7,append,131072,buffered,fsync,4096,275251200,100,2000,2000,262144000,0.347298413,719.842045,5758.736364,81.456729,51.215000,232.456000,300.670000,92.121164,84.813000,132.618000,150.042000,173.577893,136.001000,330.652000,409.213000,1605.680000
7,append,131072,buffered,fdatasync,4096,275251200,100,2000,2000,262144000,0.346082494,722.371123,5778.968988,81.008123,51.572000,234.738000,301.400000,91.960803,85.033000,133.391000,152.076000,172.968926,136.850000,333.766000,416.894000,783.229000
7,fallocate,131072,direct,fsync,4096,275251200,100,2000,2000,262144000,0.159570635,1566.704300,12533.634400,55.755646,54.073000,65.236000,84.469000,23.971303,17.518000,69.783000,87.656000,79.726950,72.069000,125.004000,142.507000,174.384000
7,fallocate,131072,direct,fdatasync,4096,275251200,100,2000,2000,262144000,0.158845573,1573.855634,12590.845072,55.788864,54.246000,64.072000,80.498000,23.576387,17.705000,67.145000,83.907000,79.365250,72.380000,123.077000,138.077000,155.732000
7,fallocate,131072,buffered,fsync,4096,275251200,100,2000,2000,262144000,0.353794648,706.624595,5652.996763,84.449015,51.721000,237.308000,315.662000,92.373726,85.390000,133.525000,155.477000,176.822742,138.125000,338.115000,417.089000,959.637000
7,fallocate,131072,buffered,fdatasync,4096,275251200,100,2000,2000,262144000,0.351506537,711.224326,5689.794611,84.091299,51.547000,229.235000,290.482000,91.587935,85.437000,130.818000,145.364000,175.679234,137.659000,325.661000,393.274000,928.584000
7,initialized,131072,direct,fsync,4096,275251200,100,2000,2000,262144000,0.144285911,1732.670905,13861.367240,64.390243,52.130000,106.013000,187.215000,7.697885,0.401000,18.630000,41.372000,72.088128,52.553000,115.570000,222.791000,3175.107000
7,initialized,131072,direct,fdatasync,4096,275251200,100,2000,2000,262144000,0.115405975,2166.265655,17330.125238,57.203703,51.955000,86.616000,104.336000,0.445287,0.421000,0.574000,0.712000,57.648991,52.388000,87.036000,104.845000,152.676000
7,initialized,131072,buffered,fsync,4096,275251200,100,2000,2000,262144000,0.396165784,631.048945,5048.391559,82.258678,51.263000,227.038000,344.117000,115.754912,63.145000,103.327000,2446.946000,198.013590,115.773000,325.179000,2700.673000,3126.209000
7,initialized,131072,buffered,fdatasync,4096,275251200,100,2000,2000,262144000,0.306329820,816.113821,6528.910571,88.794169,75.235000,195.696000,298.012000,64.295375,63.168000,73.133000,79.769000,153.089545,138.557000,266.040000,366.974000,642.831000
8,append,131072,direct,fdatasync,4096,275251200,100,2000,2000,262144000,0.198437537,1259.842285,10078.738278,66.233638,64.623000,75.031000,98.374000,32.919965,25.145000,75.017000,93.447000,99.153603,90.642000,141.483000,160.891000,1386.609000
8,append,131072,buffered,fsync,4096,275251200,100,2000,2000,262144000,0.341364691,732.354595,5858.836759,79.009319,51.734000,215.950000,297.308000,91.599246,84.766000,133.796000,152.624000,170.608565,136.964000,310.055000,402.904000,561.863000
8,append,131072,buffered,fdatasync,4096,275251200,100,2000,2000,262144000,0.365947678,683.157771,5465.262168,89.197133,55.830000,204.563000,283.242000,93.694488,86.150000,132.001000,152.593000,182.891621,167.247000,305.220000,387.248000,1871.469000
8,append,131072,direct,fsync,4096,275251200,100,2000,2000,262144000,0.193967871,1288.873248,10310.985988,66.221172,64.610000,74.502000,94.655000,30.701238,24.834000,73.847000,92.491000,96.922410,90.218000,139.062000,159.655000,204.124000
8,fallocate,131072,direct,fdatasync,4096,275251200,100,2000,2000,262144000,0.164936630,1515.733649,12125.869190,57.201499,54.323000,72.253000,92.163000,25.195706,18.088000,66.493000,88.300000,82.397204,73.150000,128.584000,148.264000,239.623000
8,fallocate,131072,buffered,fsync,4096,275251200,100,2000,2000,262144000,0.353259778,707.694494,5661.555956,83.083731,51.521000,257.356000,336.870000,93.470195,85.624000,133.136000,152.365000,176.553925,137.431000,363.318000,447.055000,1893.155000
8,fallocate,131072,buffered,fdatasync,4096,275251200,100,2000,2000,262144000,0.370410129,674.927548,5399.420381,92.516430,54.669000,219.751000,303.232000,92.609265,86.042000,133.536000,151.720000,185.125695,168.745000,321.022000,408.474000,570.039000
8,fallocate,131072,direct,fsync,4096,275251200,100,2000,2000,262144000,0.156427801,1598.181387,12785.451098,55.245571,53.679000,63.709000,83.693000,22.910913,17.208000,62.752000,80.465000,78.156484,71.147000,121.417000,136.370000,190.220000
8,initialized,131072,direct,fdatasync,4096,275251200,100,2000,2000,262144000,0.120071608,2082.090880,16656.727042,59.549517,51.885000,90.294000,106.277000,0.432005,0.409000,0.542000,0.723000,59.981522,52.301000,90.691000,106.687000,871.848000
8,initialized,131072,buffered,fsync,4096,275251200,100,2000,2000,262144000,0.351219728,711.805118,5694.440946,80.247144,50.952000,232.552000,325.889000,95.297304,62.937000,88.042000,1786.593000,175.544448,114.263000,324.104000,1887.830000,3842.798000
8,initialized,131072,buffered,fdatasync,4096,275251200,100,2000,2000,262144000,0.281190229,889.077835,7112.622679,77.099501,51.460000,185.817000,251.260000,63.430049,62.727000,67.295000,73.253000,140.529550,114.256000,253.850000,316.694000,390.150000
8,initialized,131072,direct,fsync,4096,275251200,100,2000,2000,262144000,0.131898343,1895.399095,15163.192763,58.014083,52.167000,86.461000,131.747000,7.878499,0.413000,18.397000,28.026000,65.892582,52.597000,90.908000,145.186000,2739.403000
