round,workload,block_bytes,method,sync_every,iterations,warmup,writes,sync_calls,measured_bytes,elapsed_s,mib_s,batches_s,write_batch_avg_us,sync_avg_us,sync_p50_us,sync_p95_us,sync_p99_us,batch_p99_us,drain_ms
1,append,524288,fsync,1,2000,100,2000,2000,1048576000,1.476454070,677.298414,1354.596828,353.502339,384.547399,258.053000,1965.873000,2677.268000,3082.794000,0.000909
1,append,524288,fdatasync,1,2000,100,2000,2000,1048576000,1.425357230,701.578509,1403.157018,330.244036,382.277646,255.107000,2065.837000,2548.942000,2981.013000,0.001038
1,fallocate,524288,fsync,1,2000,100,2000,2000,1048576000,1.196285708,835.920711,1671.841423,322.317206,275.595602,262.322000,363.419000,419.020000,1022.887000,0.000808
1,fallocate,524288,fdatasync,1,2000,100,2000,2000,1048576000,1.142935140,874.940288,1749.880575,307.713156,263.561137,257.659000,296.646000,356.444000,895.170000,0.001213
1,overwrite,524288,fsync,1,2000,100,2000,2000,1048576000,1.229787918,813.148337,1626.296673,306.144833,308.551188,238.662000,296.866000,2414.681000,2856.491000,0.000701
1,overwrite,524288,fdatasync,1,2000,100,2000,2000,1048576000,0.921095501,1085.663755,2171.327509,236.815379,223.571751,221.411000,234.021000,259.840000,908.426000,0.036065
2,append,524288,fdatasync,1,2000,100,2000,2000,1048576000,1.529046123,654.002508,1308.005017,330.136231,434.195181,259.261000,2475.816000,3356.528000,3742.450000,0.001039
2,append,524288,fsync,1,2000,100,2000,2000,1048576000,1.240222811,806.306731,1612.613461,334.204837,285.717009,254.208000,298.929000,1960.876000,2844.752000,0.000912
2,fallocate,524288,fdatasync,1,2000,100,2000,2000,1048576000,1.137282325,879.289142,1758.578284,308.137452,260.326166,257.393000,286.189000,305.008000,854.173000,0.001113
2,fallocate,524288,fsync,1,2000,100,2000,2000,1048576000,1.125106582,888.804684,1777.609368,299.558607,262.811601,255.561000,297.806000,386.828000,859.070000,0.001252
2,overwrite,524288,fdatasync,1,2000,100,2000,2000,1048576000,0.933622622,1071.096583,2142.193165,242.389812,224.260601,221.876000,239.770000,253.127000,776.416000,0.031050
2,overwrite,524288,fsync,1,2000,100,2000,2000,1048576000,1.106634789,903.640487,1807.280975,252.285063,300.849553,240.061000,292.048000,2331.821000,2778.905000,0.000580
3,append,524288,fsync,1,2000,100,2000,2000,1048576000,1.436318941,696.224196,1392.448392,325.810000,392.183776,257.516000,1837.430000,2670.707000,3072.627000,0.001054
3,append,524288,fdatasync,1,2000,100,2000,2000,1048576000,1.352603377,739.315025,1478.630051,314.893987,361.262284,255.672000,393.570000,3093.336000,3576.190000,0.001167
3,fallocate,524288,fsync,1,2000,100,2000,2000,1048576000,1.113888326,897.756065,1795.512129,295.922662,260.880362,256.164000,285.006000,308.368000,821.030000,0.001196
3,fallocate,524288,fdatasync,1,2000,100,2000,2000,1048576000,1.208969171,827.150951,1654.301903,331.488329,272.839237,259.500000,299.884000,381.802000,1168.594000,0.001075
3,overwrite,524288,fsync,1,2000,100,2000,2000,1048576000,1.169176952,855.302526,1710.605051,264.748921,319.707050,240.705000,317.874000,2818.124000,3170.035000,0.000537
3,overwrite,524288,fdatasync,1,2000,100,2000,2000,1048576000,0.956007027,1046.017416,2092.034832,253.129590,224.749948,222.420000,240.690000,261.663000,958.193000,0.080191
4,append,524288,fdatasync,1,2000,100,2000,2000,1048576000,1.412362237,708.033657,1416.067314,332.768608,373.266152,255.288000,1889.436000,2590.220000,3028.474000,0.001064
4,append,524288,fsync,1,2000,100,2000,2000,1048576000,1.291692182,774.178255,1548.356511,319.509867,326.186560,257.010000,413.206000,2508.414000,2958.793000,0.000940
4,fallocate,524288,fdatasync,1,2000,100,2000,2000,1048576000,1.127234040,887.127220,1774.254440,301.538539,261.897296,257.769000,284.590000,305.573000,841.773000,0.001122
4,fallocate,524288,fsync,1,2000,100,2000,2000,1048576000,1.120024753,892.837410,1785.674821,302.332731,257.543373,254.613000,283.259000,307.452000,850.091000,0.001147
4,overwrite,524288,fdatasync,1,2000,100,2000,2000,1048576000,0.954111247,1048.095810,2096.191619,252.929250,224.012684,221.743000,236.990000,264.416000,1087.504000,0.033026
4,overwrite,524288,fsync,1,2000,100,2000,2000,1048576000,1.137744892,878.931654,1757.863308,263.457562,305.281089,239.124000,294.836000,2503.849000,2949.900000,0.000637
5,append,524288,fsync,1,2000,100,2000,2000,1048576000,1.578008443,633.710171,1267.420342,366.943773,421.902202,258.243000,2213.122000,2644.297000,3025.722000,0.001428
5,append,524288,fdatasync,1,2000,100,2000,2000,1048576000,1.412415198,708.007108,1416.014217,326.099285,379.964193,255.237000,1994.141000,2633.748000,3066.293000,0.001272
5,fallocate,524288,fsync,1,2000,100,2000,2000,1048576000,1.145163585,873.237687,1746.475374,304.459347,267.990232,258.918000,320.388000,423.432000,850.840000,0.000889
5,fallocate,524288,fdatasync,1,2000,100,2000,2000,1048576000,1.157952357,863.593389,1727.186778,308.129309,270.708987,256.765000,343.483000,425.629000,846.583000,0.001039
5,overwrite,524288,fsync,1,2000,100,2000,2000,1048576000,1.274329516,784.726389,1569.452779,279.445762,357.595718,238.956000,1602.741000,2562.567000,2964.149000,0.000835
5,overwrite,524288,fdatasync,1,2000,100,2000,2000,1048576000,0.932627640,1072.239292,2144.478583,242.468120,223.730607,221.094000,250.560000,262.385000,816.941000,0.048212
6,append,524288,fdatasync,1,2000,100,2000,2000,1048576000,1.444503273,692.279498,1384.558995,329.188827,392.921968,255.502000,2178.116000,2650.264000,3026.237000,0.001267
6,append,524288,fsync,1,2000,100,2000,2000,1048576000,1.452671291,688.386978,1376.773956,324.054536,402.138809,255.277000,2173.125000,2623.556000,2990.076000,0.001130
6,fallocate,524288,fdatasync,1,2000,100,2000,2000,1048576000,1.180238306,847.286514,1694.573028,322.109452,267.863479,259.546000,291.222000,389.291000,1103.575000,0.001064
6,fallocate,524288,fsync,1,2000,100,2000,2000,1048576000,1.140634507,876.705022,1753.410043,302.150911,268.028632,255.962000,345.559000,413.774000,888.700000,0.000998
6,overwrite,524288,fdatasync,1,2000,100,2000,2000,1048576000,0.968955460,1032.039182,2064.078363,257.493559,226.860869,222.790000,238.779000,269.633000,910.722000,0.052705
6,overwrite,524288,fsync,1,2000,100,2000,2000,1048576000,1.215833372,822.481125,1644.962251,274.994569,332.784195,241.239000,394.176000,2650.334000,3052.464000,0.000503
7,append,524288,fsync,1,2000,100,2000,2000,1048576000,1.338251277,747.243823,1494.487645,325.788398,343.194706,254.122000,327.084000,2576.297000,2915.205000,0.000995
7,append,524288,fdatasync,1,2000,100,2000,2000,1048576000,1.302775220,767.592125,1535.184251,321.177444,330.068757,254.280000,307.361000,2509.918000,2959.875000,0.001120
7,fallocate,524288,fsync,1,2000,100,2000,2000,1048576000,1.137228723,879.330587,1758.661173,305.270589,263.200496,256.886000,286.526000,310.047000,892.145000,0.000910
7,fallocate,524288,fdatasync,1,2000,100,2000,2000,1048576000,1.191146135,839.527553,1679.055106,323.086912,272.329488,259.647000,331.915000,396.106000,966.714000,0.001099
7,overwrite,524288,fsync,1,2000,100,2000,2000,1048576000,1.195560341,836.427879,1672.855758,266.336416,331.324810,237.914000,318.584000,2499.387000,2940.070000,0.000525
7,overwrite,524288,fdatasync,1,2000,100,2000,2000,1048576000,0.949782700,1052.872410,2105.744819,249.911683,224.857105,222.952000,241.358000,258.536000,802.460000,0.030179
8,append,524288,fdatasync,1,2000,100,2000,2000,1048576000,1.336826987,748.039956,1496.079911,355.372071,312.884545,255.964000,306.645000,2434.394000,3009.118000,0.000959
8,append,524288,fsync,1,2000,100,2000,2000,1048576000,1.281939763,780.067854,1560.135708,332.241948,308.582097,255.282000,293.556000,2907.548000,3429.000000,0.001006
8,fallocate,524288,fdatasync,1,2000,100,2000,2000,1048576000,1.117447532,894.896603,1789.793205,298.232252,260.358706,257.380000,285.740000,305.292000,849.180000,0.000923
8,fallocate,524288,fsync,1,2000,100,2000,2000,1048576000,1.133454118,882.258915,1764.517829,307.509786,259.075366,255.741000,285.882000,302.109000,826.106000,0.001056
8,overwrite,524288,fdatasync,1,2000,100,2000,2000,1048576000,0.936208898,1068.137680,2136.275359,244.224183,223.766032,222.255000,236.494000,256.577000,770.086000,0.033819
8,overwrite,524288,fsync,1,2000,100,2000,2000,1048576000,1.213957691,823.751937,1647.503875,259.860173,347.000857,238.227000,1605.047000,2482.275000,2815.025000,0.000915
